title,description
Modern Loft with Skyline Views,"A stylish and spacious loft in the heart of Canary Wharf. Enjoy floor-to-ceiling windows, a king-sized bed, and a fully equipped kitchen. The building includes a gym and concierge. Just a 5-minute walk from the DLR and Jubilee Line."
Charming Garden Flat near Hyde Park,"Bright and cozy 1-bedroom flat with a private garden. Located in a quiet residential street, just a short stroll to Hyde Park and Notting Hill. Fully equipped kitchen and fast WiFi make this the perfect city retreat."
Luxury Penthouse with River Views,"A stunning 2-bedroom penthouse overlooking the Thames. Features a private balcony, high-end furnishings, and a modern open-plan kitchen. Located in Zone 1, with easy access to London Bridge and Borough Market."
Spacious Family Home in Wimbledon,"A 3-bedroom house with a private garden and off-street parking. Perfect for families or groups, this home features a large kitchen, a cozy lounge, and easy transport links to central London."
Stylish Studio in the Heart of Shoreditch,"Trendy and compact studio in the lively Shoreditch area. Perfect for solo travelers or couples, with a comfortable double bed, kitchenette, and fast WiFi. Walk to Brick Lane and Spitalfields Market."
Elegant Apartment near Tower Bridge,"A modern and bright 1-bedroom apartment located minutes from Tower Bridge. Features a spacious living area, a fully equipped kitchen, and floor-to-ceiling windows with city views."
Quaint Cottage in Hampstead,"A charming countryside-style cottage in the heart of Hampstead. Enjoy a private patio, a cozy fireplace, and walking distance to Hampstead Heath and local caf√©s."
Luxury Townhouse in Kensington,"A beautifully designed 3-bedroom townhouse in Kensington. Features a stylish interior, a private garden, and easy access to museums, restaurants, and shopping."
Minimalist Studio in Soho,"A sleek and modern studio in the heart of Soho. Perfect for business travelers or couples, with a compact kitchen, a queen-sized bed, and high-speed WiFi."
Riverside Retreat in Greenwich,"A peaceful 2-bedroom apartment overlooking the Thames in Greenwich. Features a private balcony, a fully equipped kitchen, and easy access to the Cutty Sark and Greenwich Park."
